{
  "macro_f1": 0.703409686044268,
  "labels": [
    "NOT",
    "OFF"
  ],
  "confusion_matrix": [
    [
      518,
      130
    ],
    [
      139,
      213
    ]
  ],
  "per_class": {
    "NOT": {
      "precision": 0.7884322678843226,
      "recall": 0.7993827160493827,
      "f1-score": 0.7938697318007663,
      "support": 648.0
    },
    "OFF": {
      "precision": 0.6209912536443148,
      "recall": 0.6051136363636364,
      "f1-score": 0.6129496402877698,
      "support": 352.0
    }
  }
}