{
  "macro_f1": 0.7233286535480242,
  "labels": [
    "NOT",
    "OFF"
  ],
  "confusion_matrix": [
    [
      556,
      92
    ],
    [
      150,
      202
    ]
  ],
  "per_class": {
    "NOT": {
      "precision": 0.7875354107648725,
      "recall": 0.8580246913580247,
      "f1-score": 0.8212703101920237,
      "support": 648.0
    },
    "OFF": {
      "precision": 0.6870748299319728,
      "recall": 0.5738636363636364,
      "f1-score": 0.6253869969040248,
      "support": 352.0
    }
  }
}