{
  "macro_f1": 0.7447741013377398,
  "labels": [
    "NOT",
    "OFF"
  ],
  "confusion_matrix": [
    [
      591,
      57
    ],
    [
      158,
      194
    ]
  ],
  "per_class": {
    "NOT": {
      "precision": 0.7890520694259012,
      "recall": 0.9120370370370371,
      "f1-score": 0.8460987831066571,
      "support": 648.0
    },
    "OFF": {
      "precision": 0.7729083665338645,
      "recall": 0.5511363636363636,
      "f1-score": 0.6434494195688225,
      "support": 352.0
    }
  }
}